id;file_name;content_type;file;file_content_type;message_id
1;pressure without;republican merry;../fake-data/blob/hipster.png;image/png;1
2;boohoo;alongside;../fake-data/blob/hipster.png;image/png;2
3;positively;selfishly sticky;../fake-data/blob/hipster.png;image/png;3
4;nor angrily cross-contamination;traffic;../fake-data/blob/hipster.png;image/png;4
5;lively badly optimal;nearly;../fake-data/blob/hipster.png;image/png;5
6;woot yieldingly;positively;../fake-data/blob/hipster.png;image/png;6
7;hm;consequently;../fake-data/blob/hipster.png;image/png;7
8;smog verbally;amid;../fake-data/blob/hipster.png;image/png;8
9;consequently fatally;and;../fake-data/blob/hipster.png;image/png;9
10;uh-huh;without goat;../fake-data/blob/hipster.png;image/png;10
11;until;ack until;../fake-data/blob/hipster.png;image/png;11
12;underneath;furthermore as;../fake-data/blob/hipster.png;image/png;12
13;than status optimistically;yuck object;../fake-data/blob/hipster.png;image/png;13
14;within;via upon;../fake-data/blob/hipster.png;image/png;14
15;provision briefly modulo;tarragon optimistically partridge;../fake-data/blob/hipster.png;image/png;15
16;yum than not;portray afterwards whoa;../fake-data/blob/hipster.png;image/png;16
17;wisely before only;circa shrill via;../fake-data/blob/hipster.png;image/png;17
18;quixotic out blah;indeed;../fake-data/blob/hipster.png;image/png;18
19;fake unscramble;eek;../fake-data/blob/hipster.png;image/png;19
20;husband skateboard perp;assist;../fake-data/blob/hipster.png;image/png;20
21;never;haunting react maroon;../fake-data/blob/hipster.png;image/png;21
22;provided whoever;cross-contamination sauerkraut;../fake-data/blob/hipster.png;image/png;22
23;minor;after forgo abnormally;../fake-data/blob/hipster.png;image/png;23
24;yowza redesign;gloat coolly;../fake-data/blob/hipster.png;image/png;24
25;cauliflower festival underneath;beloved emphasise follower;../fake-data/blob/hipster.png;image/png;25
26;ultimately handle stunt;royal;../fake-data/blob/hipster.png;image/png;26
27;rosemary modulo pantyhose;as honorable curly;../fake-data/blob/hipster.png;image/png;27
28;quarrel;opposite until nor;../fake-data/blob/hipster.png;image/png;28
29;glittering whoever;large fellow however;../fake-data/blob/hipster.png;image/png;29
30;psst;lest provided though;../fake-data/blob/hipster.png;image/png;30
