id;name;description;subject;body;organization_id
1;backbone mockingly dazzling;and;gadzooks gleefully;../fake-data/blob/hipster.txt;1
2;institute useless rudely;shallow to;minor;../fake-data/blob/hipster.txt;2
3;noted;smoothly;inasmuch;../fake-data/blob/hipster.txt;3
4;wisecrack helpfully while;yahoo along throughout;circa pinion;../fake-data/blob/hipster.txt;4
5;instructor weakly curry;afore;light minus;../fake-data/blob/hipster.txt;5
6;release overreact doodle;openly ick;zowie pertinent;../fake-data/blob/hipster.txt;6
7;because underneath absent;black-and-white minus guilt;amongst;../fake-data/blob/hipster.txt;7
8;warped;commonly frantically kooky;gleefully personal;../fake-data/blob/hipster.txt;8
9;nasalise fast;retention;utter seal incline;../fake-data/blob/hipster.txt;9
10;whoa construe except;dimly cram;penalise;../fake-data/blob/hipster.txt;10
11;highly rotten;pigsty geez fairly;uselessly shakily;../fake-data/blob/hipster.txt;11
12;and er aha;aw;beneath when throughout;../fake-data/blob/hipster.txt;12
13;irresponsible going begonia;corporation;warmly;../fake-data/blob/hipster.txt;13
14;quaver;investigate numeracy ornery;hmph;../fake-data/blob/hipster.txt;14
15;ah warmly sedately;expense eek;gah descriptive gosh;../fake-data/blob/hipster.txt;15
16;hopeful;since;fall forenenst mean;../fake-data/blob/hipster.txt;16
17;intently;untimely concrete;until before;../fake-data/blob/hipster.txt;17
18;yippee sweetly;rebel;hence;../fake-data/blob/hipster.txt;18
19;nor premier;revitalise;gadzooks sonnet cauliflower;../fake-data/blob/hipster.txt;19
20;ack;institute stint;how pertain brr;../fake-data/blob/hipster.txt;20
21;floodlight longingly dissemble;fondly;or;../fake-data/blob/hipster.txt;21
22;geez order enlist;including properly tentacle;indeed;../fake-data/blob/hipster.txt;22
23;parched;unless;accidentally;../fake-data/blob/hipster.txt;23
24;trim hm;uh-huh;sometimes;../fake-data/blob/hipster.txt;24
25;collaboration;procurement although;straight er;../fake-data/blob/hipster.txt;25
26;lampoon;but pfft publicize;thump yowza bossy;../fake-data/blob/hipster.txt;26
27;geez;coast;breed with;../fake-data/blob/hipster.txt;27
28;pfft uh-huh scout;stunt scented defiantly;gah;../fake-data/blob/hipster.txt;28
29;miserably;finally tuber;horst cruelly as;../fake-data/blob/hipster.txt;29
30;graffiti;until deeply;mammoth;../fake-data/blob/hipster.txt;30
