id;name;slug;created_at
1;apprehensive promptly notwithstanding;archaeology;2026-09-09T12:36:09
2;until e-mail outside;triumphantly;2026-09-09T18:08:56
3;lonely delectable;repeatedly;2026-09-09T18:59:13
4;eek regarding joyfully;round aw concerning;2026-09-10T01:44:53
5;why venom roughly;indeed jam-packed now;2026-09-09T13:53:28
6;indelible fidget sympathetically;unexpectedly;2026-09-09T12:23:16
7;lightly function mixture;digit;2026-09-09T20:43:14
8;smart intermarry rekindle;across restfully;2026-09-09T21:00:44
9;limp;bare;2026-09-09T08:17:57
10;yippee respectful;meanwhile ha consequently;2026-09-09T16:49:56
11;behind;smuggle density even;2026-09-09T10:14:36
12;furlough expansion;hygienic;2026-09-09T15:18:37
13;stealthily;frivolous huzzah;2026-09-09T15:31:02
14;times;frugal simplistic godparent;2026-09-10T03:04:41
15;difficult pointless after;amongst;2026-09-09T08:39:51
16;after yippee eek;phew furiously;2026-09-09T17:27:42
17;round;address;2026-09-09T06:47:09
18;winged;accredit;2026-09-09T15:12:04
19;doubtfully absent;aboard;2026-09-09T17:29:08
20;positively joyfully frantically;degenerate morning;2026-09-09T22:48:58
21;granny;anti;2026-09-09T09:43:11
22;inasmuch epic;besides forecast;2026-09-10T05:12:48
23;penalise lest;characterization clone honestly;2026-09-10T00:14:43
24;terribly given;after unto hundred;2026-09-09T18:02:06
25;bleakly;yahoo for;2026-09-09T15:59:13
26;throughout;whether;2026-09-09T11:53:54
27;inasmuch who extract;wildly preclude worth;2026-09-10T04:17:12
28;oh;plain;2026-09-09T12:36:04
29;uh-huh besides;doubtfully annually;2026-09-09T16:25:51
30;derby pish;arrogantly past;2026-09-09T15:14:14
