id;name;organization_id
1;openly ouch and;1
2;cheese now;2
3;sadly;3
4;in-joke um disadvantage;4
5;jell waterlogged;5
6;up;6
7;whirlwind jealously;7
8;merrily commandeer than;8
9;cantaloupe;9
10;knowledgeably;10
11;whitewash armchair so;11
12;for consequently;12
13;mmm savour aw;13
14;victoriously westernize;14
15;legal;15
16;unique amidst whether;16
17;intermarry;17
18;fondly even space;18
19;punctually lest;19
20;impanel;20
21;brr yahoo;21
22;mmm next;22
23;submitter justly boastfully;23
24;whenever far fraternise;24
25;nasalise entry apropos;25
26;obstruct major um;26
27;denitrify qua;27
28;knotty except;28
29;ugh stock aside;29
30;while;30
