id;first_name;last_name;email;created_at;organization_id;recipient_group_id
1;Alvin;Schmitt;"mt_!S(@m|BV.z>Vr.Z";2026-09-09T12:56:23;1;1
2;Cyril;Franey;"4@lmVFN.O";2026-09-09T12:21:34;2;2
3;Jon;Collins;"\RWA^@t+G)de.^3q}w";2026-09-09T12:21:20;3;3
4;Juana;Stracke;"I,w@k.EI2e0";2026-09-09T21:59:24;4;4
5;Thelma;Prohaska;"t/hOGC@r.Vk{b>!";2026-09-10T01:29:21;5;5
6;Larry;Zboncak;"Q@'IZn.JuK";2026-09-09T07:54:42;6;6
7;Dalton;Predovic;"2{C@c:L&U.hO/";2026-09-10T04:21:44;7;7
8;Isom;Herzog;"8PFM@B`TsU$.#";2026-09-09T22:07:56;8;8
9;Tierra;Grant;"p_{k@|&w~.D+]B";2026-09-09T21:31:58;9;9
10;Jeremie;Feeney;"zEp@Bo.&^*G";2026-09-09T19:29:28;10;10
11;Ian;Hane;"#e*@m*hkH.\W%9I";2026-09-10T01:01:00;11;11
12;Regan;Nolan;"Zrh;+@OKGX$Z.+Y";2026-09-10T00:22:02;12;12
13;Shaun;Cormier;"0dut@$Wc-L..zIE8I";2026-09-09T18:39:42;13;13
14;Thelma;Russel;"=-$J@h.[ruer";2026-09-09T22:19:28;14;14
15;Tina;Rippin;"|e@O_eubk.U";2026-09-09T21:33:53;15;15
16;Caleb;Grady;"vFlO'@%B5[.;)-";2026-09-09T20:48:44;16;16
17;Howard;Crist;"g^B3M@r.Tt";2026-09-09T08:52:34;17;17
18;Billie;Graham;"A@J\.`~6^V";2026-09-09T08:00:55;18;18
19;Alexanne;Schuster;"kH6s@=sYO+&.U8#rf";2026-09-09T17:33:06;19;19
20;Travis;Fadel;"WZ@bx;Z}Z.>;&Z6";2026-09-09T20:25:18;20;20
21;David;Fisher;"Sz=+@_V?8.W&t&";2026-09-09T13:15:05;21;21
22;Omar;Konopelski;"84@Unm&~,.g}";2026-09-09T13:27:49;22;22
23;Humberto;Steuber;"{@x*.VfL}&y";2026-09-09T06:35:26;23;23
24;Eunice;Mraz;"MaJ@NKl|w.'gj!\Q";2026-09-09T19:06:50;24;24
25;Dario;Hagenes;"b@'.%(mJ.f1";2026-09-10T02:28:44;25;25
26;Enrique;Ledner;"'>9e8@D.h";2026-09-10T03:25:53;26;26
27;Lurline;Lueilwitz;"3@NM;d.bL#J&;";2026-09-09T07:08:12;27;27
28;Karianne;Bernier-Oberbrunner;"b6$*;;@=FgU%.Xa^.";2026-09-09T22:35:34;28;28
29;Lyle;Blick;"6Uby@C^.J=Ok9";2026-09-09T07:21:25;29;29
30;Marshall;Mayer;"[@jl.e";2026-09-09T13:53:20;30;30
